<?xml version="1.0" encoding="UTF-8"?>
<Configuration status="warn">
	<Appenders>

		<Console name="ConsoleAppender" target="SYSTEM_OUT">
			<PatternLayout pattern="%date [%thread] | -%5level %logger{0}-[%X{correlationId}] - %msg%n" />
		</Console>

		<RollingRandomAccessFile name="FileAppender"
			fileName="/opt/cbe/boot/authentication/logs/cbe-authentication.log"
			filePattern="/opt/cbe/boot/authentication/logs/cbe-authentication.log_%d{MM-dd-yyyy}-%i.log.zip">
			<PatternLayout pattern="%date [%thread] | -%5level %logger{0}-[%X{correlationId}] - %msg%n" />
			<Policies>
				<TimeBasedTriggeringPolicy interval="1" />
				<SizeBasedTriggeringPolicy size="100 MB" />
			</Policies>
		</RollingRandomAccessFile>
	</Appenders>

	<Loggers>
		<Root level="info">
			<AppenderRef ref="FileAppender" />
			<!-- <AppenderRef ref="ConsoleAppender"/> --> 
		</Root>
	</Loggers>
</Configuration>